city,country,date_time,temperature_celsius,feels_like_celsius,temperature_min_celsius,temperature_max_celsius,weather,pressure,humidity,wind_speed,wind_deg,lat,lon
Vancouver,CA,2025-03-06 13:00:00,5.53,5.53,5.53,5.54,clear sky,1016,80,1.04,139,49.2497,-123.1193
Vancouver,CA,2025-03-06 14:00:00,5.77,5.77,5.77,6.74,clear sky,1016,76,0.87,225,49.2497,-123.1193
Vancouver,CA,2025-03-06 15:00:00,6.3,5.4,6.3,7.45,scattered clouds,1016,72,1.52,274,49.2497,-123.1193
Vancouver,CA,2025-03-06 16:00:00,6.98,5.24,6.98,7.95,scattered clouds,1015,68,2.51,275,49.2497,-123.1193
Vancouver,CA,2025-03-06 17:00:00,7.87,6.45,7.87,8.46,scattered clouds,1015,63,2.31,272,49.2497,-123.1193
Vancouver,CA,2025-03-06 18:00:00,8.54,7.03,8.54,8.54,scattered clouds,1015,59,2.59,276,49.2497,-123.1193
Vancouver,CA,2025-03-06 19:00:00,8.76,8.23,8.76,8.76,few clouds,1014,56,1.5,280,49.2497,-123.1193
Vancouver,CA,2025-03-06 20:00:00,8.63,8.05,8.63,8.63,few clouds,1014,56,1.53,263,49.2497,-123.1193
Vancouver,CA,2025-03-06 21:00:00,8,8,8,8,few clouds,1014,59,0.98,228,49.2497,-123.1193
Vancouver,CA,2025-03-06 22:00:00,6.6,6.6,6.6,6.6,few clouds,1015,65,0.78,215,49.2497,-123.1193
Vancouver,CA,2025-03-06 23:00:00,6.2,6.2,6.2,6.2,clear sky,1015,70,1.12,116,49.2497,-123.1193
Vancouver,CA,2025-03-07 00:00:00,5.79,4.82,5.79,5.79,scattered clouds,1016,74,1.52,93,49.2497,-123.1193
Vancouver,CA,2025-03-07 01:00:00,5.46,3.4,5.46,5.46,scattered clouds,1016,75,2.56,88,49.2497,-123.1193
Vancouver,CA,2025-03-07 02:00:00,4.67,2.21,4.67,4.67,scattered clouds,1016,79,2.87,94,49.2497,-123.1193
Vancouver,CA,2025-03-07 03:00:00,4.48,2.08,4.48,4.48,overcast clouds,1017,81,2.75,89,49.2497,-123.1193
Vancouver,CA,2025-03-07 04:00:00,4.41,2.14,4.41,4.41,broken clouds,1017,82,2.57,88,49.2497,-123.1193
Vancouver,CA,2025-03-07 05:00:00,4.11,1.27,4.11,4.11,overcast clouds,1018,82,3.23,87,49.2497,-123.1193
Vancouver,CA,2025-03-07 06:00:00,4.05,0.88,4.05,4.05,broken clouds,1018,82,3.7,84,49.2497,-123.1193
Vancouver,CA,2025-03-07 07:00:00,4.05,0.81,4.05,4.05,broken clouds,1018,81,3.81,81,49.2497,-123.1193
Vancouver,CA,2025-03-07 08:00:00,4.52,1.03,4.52,4.52,overcast clouds,1018,80,4.42,81,49.2497,-123.1193
Vancouver,CA,2025-03-07 09:00:00,5.1,1.6,5.1,5.1,overcast clouds,1019,80,4.72,88,49.2497,-123.1193
Vancouver,CA,2025-03-07 10:00:00,5.19,1.82,5.19,5.19,overcast clouds,1019,80,4.5,90,49.2497,-123.1193
Vancouver,CA,2025-03-07 11:00:00,5.19,2.01,5.19,5.19,overcast clouds,1020,81,4.15,94,49.2497,-123.1193
Vancouver,CA,2025-03-07 12:00:00,5.38,2.18,5.38,5.38,overcast clouds,1020,81,4.26,105,49.2497,-123.1193
Victoria,CA,2025-03-06 13:00:00,5,5,5,6.63,clear sky,1016,85,0.12,90,48.4329,-123.3693
Victoria,CA,2025-03-06 14:00:00,5.58,5.58,5.58,7.91,clear sky,1016,80,0.57,155,48.4329,-123.3693
Victoria,CA,2025-03-06 15:00:00,6.43,6.43,6.43,8.58,few clouds,1016,75,0.99,142,48.4329,-123.3693
Victoria,CA,2025-03-06 16:00:00,7.33,7.33,7.33,8.88,scattered clouds,1016,70,1.03,133,48.4329,-123.3693
Victoria,CA,2025-03-06 17:00:00,8.14,7.37,8.14,8.92,scattered clouds,1015,65,1.64,161,48.4329,-123.3693
Victoria,CA,2025-03-06 18:00:00,8.61,7.51,8.61,8.61,scattered clouds,1015,63,2.07,176,48.4329,-123.3693
Victoria,CA,2025-03-06 19:00:00,8.51,7.91,8.51,8.51,few clouds,1015,65,1.54,188,48.4329,-123.3693
Victoria,CA,2025-03-06 20:00:00,8.37,7.49,8.37,8.37,few clouds,1015,65,1.79,216,48.4329,-123.3693
Victoria,CA,2025-03-06 21:00:00,7.95,6.58,7.95,7.95,clear sky,1015,71,2.26,242,48.4329,-123.3693
Victoria,CA,2025-03-06 22:00:00,6.17,3.93,6.17,6.17,clear sky,1015,80,2.98,278,48.4329,-123.3693
Victoria,CA,2025-03-06 23:00:00,5.24,2.42,5.24,5.24,clear sky,1015,85,3.55,288,48.4329,-123.3693
Victoria,CA,2025-03-07 00:00:00,4.89,2.09,4.89,4.89,clear sky,1016,86,3.41,273,48.4329,-123.3693
Victoria,CA,2025-03-07 01:00:00,4.69,2.22,4.69,4.69,clear sky,1016,86,2.89,271,48.4329,-123.3693
Victoria,CA,2025-03-07 02:00:00,4.61,1.71,4.61,4.61,few clouds,1016,86,3.47,263,48.4329,-123.3693
Victoria,CA,2025-03-07 03:00:00,4.38,1.39,4.38,4.38,overcast clouds,1017,87,3.53,257,48.4329,-123.3693
Victoria,CA,2025-03-07 04:00:00,4.1,1.26,4.1,4.1,overcast clouds,1017,88,3.22,254,48.4329,-123.3693
Victoria,CA,2025-03-07 05:00:00,3.93,1.25,3.93,3.93,overcast clouds,1017,89,2.96,252,48.4329,-123.3693
Victoria,CA,2025-03-07 06:00:00,3.82,1.52,3.82,3.82,broken clouds,1018,89,2.48,245,48.4329,-123.3693
Victoria,CA,2025-03-07 07:00:00,3.85,1.42,3.85,3.85,broken clouds,1018,89,2.63,239,48.4329,-123.3693
Victoria,CA,2025-03-07 08:00:00,3.92,1.48,3.92,3.92,broken clouds,1018,90,2.66,234,48.4329,-123.3693
Victoria,CA,2025-03-07 09:00:00,3.97,1.61,3.97,3.97,overcast clouds,1019,90,2.58,230,48.4329,-123.3693
Victoria,CA,2025-03-07 10:00:00,4.17,1.74,4.17,4.17,overcast clouds,1019,89,2.71,229,48.4329,-123.3693
Victoria,CA,2025-03-07 11:00:00,4.62,2.15,4.62,4.62,overcast clouds,1020,88,2.87,233,48.4329,-123.3693
Victoria,CA,2025-03-07 12:00:00,5.55,3.76,5.55,5.55,overcast clouds,1020,84,2.26,219,48.4329,-123.3693
Calgary,CA,2025-03-06 13:00:00,1.63,-1.12,0.87,1.63,clear sky,1011,73,2.53,270,51.0501,-114.0853
Calgary,CA,2025-03-06 14:00:00,1.82,-0.73,1.82,2.6,clear sky,1011,69,2.36,271,51.0501,-114.0853
Calgary,CA,2025-03-06 15:00:00,2.55,0.55,2.55,3.93,clear sky,1010,63,1.97,260,51.0501,-114.0853
Calgary,CA,2025-03-06 16:00:00,3.58,2.36,3.58,4.88,clear sky,1009,55,1.48,234,51.0501,-114.0853
Calgary,CA,2025-03-06 17:00:00,4.73,3.71,4.73,5.5,clear sky,1008,46,1.45,203,51.0501,-114.0853
Calgary,CA,2025-03-06 18:00:00,5.79,4.72,5.79,5.79,clear sky,1007,38,1.6,181,51.0501,-114.0853
Calgary,CA,2025-03-06 19:00:00,5.81,4.51,5.81,5.81,clear sky,1006,38,1.81,169,51.0501,-114.0853
Calgary,CA,2025-03-06 20:00:00,4.75,3.08,4.75,4.75,clear sky,1006,46,2,159,51.0501,-114.0853
Calgary,CA,2025-03-06 21:00:00,2.59,0.1,2.59,2.59,clear sky,1007,52,2.44,169,51.0501,-114.0853
Calgary,CA,2025-03-06 22:00:00,1.26,-1.49,1.26,1.26,clear sky,1007,55,2.46,182,51.0501,-114.0853
Calgary,CA,2025-03-06 23:00:00,0.63,-2.02,0.63,0.63,clear sky,1008,56,2.26,191,51.0501,-114.0853
Calgary,CA,2025-03-07 00:00:00,0.32,-1.84,0.32,0.32,clear sky,1008,56,1.81,201,51.0501,-114.0853
Calgary,CA,2025-03-07 01:00:00,0.11,-2.07,0.11,0.11,clear sky,1008,56,1.8,224,51.0501,-114.0853
Calgary,CA,2025-03-07 02:00:00,-0.18,-2.55,-0.18,-0.18,clear sky,1009,60,1.91,244,51.0501,-114.0853
Calgary,CA,2025-03-07 03:00:00,-0.5,-3.25,-0.5,-0.5,clear sky,1009,64,2.17,259,51.0501,-114.0853
Calgary,CA,2025-03-07 04:00:00,-0.77,-3.84,-0.77,-0.77,clear sky,1009,67,2.41,277,51.0501,-114.0853
Calgary,CA,2025-03-07 05:00:00,-1,-4.42,-1,-1,few clouds,1010,68,2.71,288,51.0501,-114.0853
Calgary,CA,2025-03-07 06:00:00,-1.22,-4.97,-1.22,-1.22,scattered clouds,1010,68,3,288,51.0501,-114.0853
Calgary,CA,2025-03-07 07:00:00,-1.5,-5.51,-1.5,-1.5,scattered clouds,1011,66,3.23,287,51.0501,-114.0853
Calgary,CA,2025-03-07 08:00:00,-1.65,-5.54,-1.65,-1.65,scattered clouds,1011,65,3.06,282,51.0501,-114.0853
Calgary,CA,2025-03-07 09:00:00,-1.78,-5.93,-1.78,-1.78,scattered clouds,1011,65,3.32,285,51.0501,-114.0853
Calgary,CA,2025-03-07 10:00:00,-1.93,-6.07,-1.93,-1.93,scattered clouds,1012,66,3.27,283,51.0501,-114.0853
Calgary,CA,2025-03-07 11:00:00,-1.5,-5.26,-1.5,-1.5,scattered clouds,1012,64,2.95,270,51.0501,-114.0853
Calgary,CA,2025-03-07 12:00:00,0.26,-3.26,0.26,0.26,scattered clouds,1011,54,3.08,267,51.0501,-114.0853
Edmonton,CA,2025-03-06 13:00:00,1.72,-1.64,-0.79,1.72,few clouds,1010,66,3.26,258,53.5501,-113.4687
Edmonton,CA,2025-03-06 14:00:00,1.46,-1.87,0.44,1.46,few clouds,1010,71,3.15,262,53.5501,-113.4687
Edmonton,CA,2025-03-06 15:00:00,1.49,-1.81,1.15,1.49,few clouds,1010,76,3.12,260,53.5501,-113.4687
Edmonton,CA,2025-03-06 16:00:00,1.72,-1.59,1.72,1.72,few clouds,1009,82,3.19,256,53.5501,-113.4687
Edmonton,CA,2025-03-06 17:00:00,2.18,-0.99,2.18,2.29,clear sky,1008,86,3.14,258,53.5501,-113.4687
Edmonton,CA,2025-03-06 18:00:00,2.57,-0.26,2.57,2.57,clear sky,1007,88,2.82,258,53.5501,-113.4687
Edmonton,CA,2025-03-06 19:00:00,2.18,-0.21,2.18,2.18,clear sky,1007,90,2.27,246,53.5501,-113.4687
Edmonton,CA,2025-03-06 20:00:00,1.24,-1.09,1.24,1.24,clear sky,1007,91,2.07,239,53.5501,-113.4687
Edmonton,CA,2025-03-06 21:00:00,-0.53,-3.21,-0.53,-0.53,clear sky,1007,90,2.11,241,53.5501,-113.4687
Edmonton,CA,2025-03-06 22:00:00,-1.64,-4.69,-1.64,-1.64,clear sky,1008,89,2.26,249,53.5501,-113.4687
Edmonton,CA,2025-03-06 23:00:00,-1.74,-4.97,-1.74,-1.74,clear sky,1008,86,2.4,263,53.5501,-113.4687
Edmonton,CA,2025-03-07 00:00:00,-2.22,-5.12,-2.22,-2.22,clear sky,1009,86,2.06,268,53.5501,-113.4687
Edmonton,CA,2025-03-07 01:00:00,-2.98,-5.7,-2.98,-2.98,clear sky,1009,88,1.84,252,53.5501,-113.4687
Edmonton,CA,2025-03-07 02:00:00,-3.08,-6.27,-3.08,-3.08,clear sky,1009,89,2.17,238,53.5501,-113.4687
Edmonton,CA,2025-03-07 03:00:00,-3.01,-6.36,-3.01,-3.01,scattered clouds,1009,89,2.31,233,53.5501,-113.4687
Edmonton,CA,2025-03-07 04:00:00,-2.76,-6.3,-2.76,-2.76,broken clouds,1009,88,2.51,233,53.5501,-113.4687
Edmonton,CA,2025-03-07 05:00:00,-2.76,-6.46,-2.76,-2.76,broken clouds,1010,88,2.65,236,53.5501,-113.4687
Edmonton,CA,2025-03-07 06:00:00,-2.46,-6.01,-2.46,-2.46,broken clouds,1009,90,2.57,234,53.5501,-113.4687
Edmonton,CA,2025-03-07 07:00:00,-2.51,-6.4,-2.51,-2.51,broken clouds,1009,91,2.88,254,53.5501,-113.4687
Edmonton,CA,2025-03-07 08:00:00,-2.64,-6.33,-2.64,-2.64,broken clouds,1009,91,2.66,249,53.5501,-113.4687
Edmonton,CA,2025-03-07 09:00:00,-2.73,-6.57,-2.73,-2.73,clear sky,1010,92,2.79,250,53.5501,-113.4687
Edmonton,CA,2025-03-07 10:00:00,-2.57,-6.64,-2.57,-2.57,clear sky,1010,91,3.05,252,53.5501,-113.4687
Edmonton,CA,2025-03-07 11:00:00,-2.26,-6.38,-2.26,-2.26,few clouds,1010,89,3.18,252,53.5501,-113.4687
Edmonton,CA,2025-03-07 12:00:00,-0.82,-4.64,-0.82,-0.82,few clouds,1009,83,3.17,253,53.5501,-113.4687
Regina,CA,2025-03-06 13:00:00,-10.01,-14.25,-10.01,-8.18,clear sky,1017,90,2.08,254,50.4501,-104.6178
Regina,CA,2025-03-06 14:00:00,-9.38,-13.94,-9.38,-6.86,few clouds,1017,91,2.36,252,50.4501,-104.6178
Regina,CA,2025-03-06 15:00:00,-8.31,-13.04,-8.31,-5.76,few clouds,1017,91,2.63,247,50.4501,-104.6178
Regina,CA,2025-03-06 16:00:00,-6.95,-11.75,-6.95,-4.91,few clouds,1015,90,2.91,242,50.4501,-104.6178
Regina,CA,2025-03-06 17:00:00,-5.35,-10.16,-5.35,-4.19,scattered clouds,1015,90,3.23,229,50.4501,-104.6178
Regina,CA,2025-03-06 18:00:00,-4.03,-8.56,-4.03,-4.03,scattered clouds,1013,90,3.22,225,50.4501,-104.6178
Regina,CA,2025-03-06 19:00:00,-4.95,-9.06,-4.95,-4.95,scattered clouds,1013,92,2.65,217,50.4501,-104.6178
Regina,CA,2025-03-06 20:00:00,-7.41,-11.53,-7.41,-7.41,few clouds,1013,94,2.3,204,50.4501,-104.6178
Regina,CA,2025-03-06 21:00:00,-10.06,-14.71,-10.06,-10.06,clear sky,1013,95,2.34,205,50.4501,-104.6178
Regina,CA,2025-03-06 22:00:00,-10.83,-15.91,-10.83,-10.83,clear sky,1013,97,2.54,205,50.4501,-104.6178
Regina,CA,2025-03-06 23:00:00,-11.17,-16.49,-11.17,-11.17,few clouds,1013,97,2.67,206,50.4501,-104.6178
Regina,CA,2025-03-07 00:00:00,-10.9,-16.44,-10.9,-10.9,few clouds,1013,96,2.88,211,50.4501,-104.6178
Regina,CA,2025-03-07 01:00:00,-10.61,-15.88,-10.61,-10.61,few clouds,1012,95,2.71,219,50.4501,-104.6178
Regina,CA,2025-03-07 02:00:00,-10.03,-15.03,-10.03,-10.03,few clouds,1012,94,2.59,228,50.4501,-104.6178
Regina,CA,2025-03-07 03:00:00,-9.47,-14.43,-9.47,-9.47,few clouds,1012,93,2.64,240,50.4501,-104.6178
Regina,CA,2025-03-07 04:00:00,-8.89,-13.99,-8.89,-8.89,clear sky,1012,91,2.84,255,50.4501,-104.6178
Regina,CA,2025-03-07 05:00:00,-8.87,-13.62,-8.87,-8.87,clear sky,1011,91,2.57,274,50.4501,-104.6178
Regina,CA,2025-03-07 06:00:00,-9.47,-13.94,-9.47,-9.47,clear sky,1011,92,2.29,287,50.4501,-104.6178
Regina,CA,2025-03-07 07:00:00,-10.68,-14.67,-10.68,-10.68,clear sky,1012,94,1.87,280,50.4501,-104.6178
Regina,CA,2025-03-07 08:00:00,-11.03,-15.68,-11.03,-11.03,clear sky,1012,95,2.23,276,50.4501,-104.6178
Regina,CA,2025-03-07 09:00:00,-11.19,-16.13,-11.19,-11.19,clear sky,1013,96,2.4,279,50.4501,-104.6178
Regina,CA,2025-03-07 10:00:00,-11.54,-16.18,-11.54,-11.54,few clouds,1013,97,2.17,276,50.4501,-104.6178
Regina,CA,2025-03-07 11:00:00,-9.39,-14.09,-9.39,-9.39,few clouds,1013,95,2.46,268,50.4501,-104.6178
Regina,CA,2025-03-07 12:00:00,-6.69,-11.31,-6.69,-6.69,few clouds,1013,94,2.8,265,50.4501,-104.6178
Saskatoon,CA,2025-03-06 13:00:00,-9.01,-15.15,-9.01,-5.5,few clouds,1014,86,3.78,240,52.1168,-106.6345
Saskatoon,CA,2025-03-06 14:00:00,-8,-14.68,-8,-3.98,few clouds,1014,86,4.68,240,52.1168,-106.6345
Saskatoon,CA,2025-03-06 15:00:00,-6.65,-13.4,-6.65,-3.12,few clouds,1013,85,5.24,239,52.1168,-106.6345
Saskatoon,CA,2025-03-06 16:00:00,-5.22,-11.75,-5.22,-2.7,few clouds,1013,84,5.46,237,52.1168,-106.6345
Saskatoon,CA,2025-03-06 17:00:00,-3.71,-9.88,-3.71,-2.38,few clouds,1012,84,5.52,235,52.1168,-106.6345
Saskatoon,CA,2025-03-06 18:00:00,-2.29,-7.84,-2.29,-2.29,clear sky,1010,86,5.1,231,52.1168,-106.6345
Saskatoon,CA,2025-03-06 19:00:00,-2.56,-8.16,-2.56,-2.56,clear sky,1009,88,5.07,225,52.1168,-106.6345
Saskatoon,CA,2025-03-06 20:00:00,-3.43,-9.12,-3.43,-3.43,few clouds,1009,90,4.87,222,52.1168,-106.6345
Saskatoon,CA,2025-03-06 21:00:00,-5.37,-10.95,-5.37,-5.37,few clouds,1009,93,4.09,219,52.1168,-106.6345
Saskatoon,CA,2025-03-06 22:00:00,-6.34,-11.95,-6.34,-6.34,few clouds,1009,94,3.86,224,52.1168,-106.6345
Saskatoon,CA,2025-03-06 23:00:00,-6.53,-12.05,-6.53,-6.53,few clouds,1009,95,3.71,230,52.1168,-106.6345
Saskatoon,CA,2025-03-07 00:00:00,-7.23,-12.47,-7.23,-7.23,few clouds,1009,95,3.27,242,52.1168,-106.6345
Saskatoon,CA,2025-03-07 01:00:00,-8.76,-13.41,-8.76,-8.76,few clouds,1009,96,2.51,248,52.1168,-106.6345
Saskatoon,CA,2025-03-07 02:00:00,-8.31,-12.56,-8.31,-8.31,few clouds,1010,96,2.28,254,52.1168,-106.6345
Saskatoon,CA,2025-03-07 03:00:00,-6.5,-10.58,-6.5,-6.5,broken clouds,1010,96,2.39,260,52.1168,-106.6345
Saskatoon,CA,2025-03-07 04:00:00,-3.99,-7.99,-3.99,-3.99,overcast clouds,1009,94,2.71,255,52.1168,-106.6345
Saskatoon,CA,2025-03-07 05:00:00,-3.63,-7.94,-3.63,-3.63,overcast clouds,1009,93,3.08,239,52.1168,-106.6345
Saskatoon,CA,2025-03-07 06:00:00,-6.87,-12.28,-6.87,-6.87,broken clouds,1010,94,3.51,242,52.1168,-106.6345
Saskatoon,CA,2025-03-07 07:00:00,-7.48,-12.88,-7.48,-7.48,broken clouds,1010,94,3.37,247,52.1168,-106.6345
Saskatoon,CA,2025-03-07 08:00:00,-8.32,-13.51,-8.32,-8.32,broken clouds,1010,95,3.01,251,52.1168,-106.6345
Saskatoon,CA,2025-03-07 09:00:00,-9.71,-14.28,-9.71,-9.71,clear sky,1011,96,2.33,250,52.1168,-106.6345
Saskatoon,CA,2025-03-07 10:00:00,-10.27,-14.81,-10.27,-10.27,few clouds,1011,96,2.24,251,52.1168,-106.6345
Saskatoon,CA,2025-03-07 11:00:00,-6.74,-11.03,-6.74,-6.74,scattered clouds,1011,94,2.52,271,52.1168,-106.6345
Saskatoon,CA,2025-03-07 12:00:00,-4.43,-8.32,-4.43,-4.43,broken clouds,1010,92,2.54,267,52.1168,-106.6345
Winnipeg,CA,2025-03-06 13:00:00,-6.58,-13.53,-9.02,-6.58,few clouds,1015,64,5.57,319,49.8844,-97.147
Winnipeg,CA,2025-03-06 14:00:00,-6.93,-13.93,-8.31,-6.93,few clouds,1015,67,5.55,313,49.8844,-97.147
Winnipeg,CA,2025-03-06 15:00:00,-7.11,-14.11,-7.91,-7.11,broken clouds,1015,69,5.64,306,49.8844,-97.147
Winnipeg,CA,2025-03-06 16:00:00,-7.34,-14.34,-7.85,-7.34,broken clouds,1014,70,5.51,306,49.8844,-97.147
Winnipeg,CA,2025-03-06 17:00:00,-7.53,-14.43,-7.77,-7.53,broken clouds,1014,71,5.13,307,49.8844,-97.147
Winnipeg,CA,2025-03-06 18:00:00,-7.76,-14.25,-7.76,-7.76,overcast clouds,1014,73,4.52,311,49.8844,-97.147
Winnipeg,CA,2025-03-06 19:00:00,-8.16,-13.59,-8.16,-8.16,overcast clouds,1014,80,3.26,312,49.8844,-97.147
Winnipeg,CA,2025-03-06 20:00:00,-10.05,-14.01,-10.05,-10.05,overcast clouds,1014,88,1.91,319,49.8844,-97.147
Winnipeg,CA,2025-03-06 21:00:00,-11.6,-11.6,-11.6,-11.6,few clouds,1015,92,1.29,323,49.8844,-97.147
Winnipeg,CA,2025-03-06 22:00:00,-12.04,-12.04,-12.04,-12.04,few clouds,1015,93,1.16,340,49.8844,-97.147
Winnipeg,CA,2025-03-06 23:00:00,-12.5,-12.5,-12.5,-12.5,few clouds,1015,94,0.97,8,49.8844,-97.147
Winnipeg,CA,2025-03-07 00:00:00,-12.6,-12.6,-12.6,-12.6,scattered clouds,1014,94,0.16,47,49.8844,-97.147
Winnipeg,CA,2025-03-07 01:00:00,-11.67,-11.67,-11.67,-11.67,scattered clouds,1014,94,0.96,195,49.8844,-97.147
Winnipeg,CA,2025-03-07 02:00:00,-10.63,-10.63,-10.63,-10.63,light snow,1014,95,0.84,181,49.8844,-97.147
Winnipeg,CA,2025-03-07 03:00:00,-10.54,-10.54,-10.54,-10.54,light snow,1014,96,1.04,127,49.8844,-97.147
Winnipeg,CA,2025-03-07 04:00:00,-10.7,-14.52,-10.7,-10.7,overcast clouds,1014,96,1.78,104,49.8844,-97.147
Winnipeg,CA,2025-03-07 05:00:00,-10.7,-15.05,-10.7,-10.7,overcast clouds,1013,96,2.08,109,49.8844,-97.147
Winnipeg,CA,2025-03-07 06:00:00,-10.95,-15.44,-10.95,-10.95,overcast clouds,1013,96,2.14,127,49.8844,-97.147
Winnipeg,CA,2025-03-07 07:00:00,-10.8,-15.25,-10.8,-10.8,overcast clouds,1013,96,2.13,129,49.8844,-97.147
Winnipeg,CA,2025-03-07 08:00:00,-10.96,-15.52,-10.96,-10.96,overcast clouds,1013,96,2.18,118,49.8844,-97.147
Winnipeg,CA,2025-03-07 09:00:00,-11,-15.73,-11,-11,overcast clouds,1013,96,2.28,115,49.8844,-97.147
Winnipeg,CA,2025-03-07 10:00:00,-10.19,-14.95,-10.19,-10.19,overcast clouds,1013,95,2.4,117,49.8844,-97.147
Winnipeg,CA,2025-03-07 11:00:00,-9.03,-13.66,-9.03,-9.03,overcast clouds,1013,92,2.46,119,49.8844,-97.147
Winnipeg,CA,2025-03-07 12:00:00,-7.8,-12.07,-7.8,-7.8,light snow,1012,90,2.36,120,49.8844,-97.147
Toronto,CA,2025-03-06 13:00:00,-3.32,-10.29,-3.32,-1.43,overcast clouds,996,77,7.22,282,43.7001,-79.4163
Toronto,CA,2025-03-06 14:00:00,-2.94,-9.89,-2.94,-1.4,overcast clouds,996,73,7.42,286,43.7001,-79.4163
Toronto,CA,2025-03-06 15:00:00,-2.64,-9.55,-2.64,-1.63,overcast clouds,997,69,7.52,289,43.7001,-79.4163
Toronto,CA,2025-03-06 16:00:00,-2.26,-9.13,-2.26,-1.55,overcast clouds,998,66,7.68,292,43.7001,-79.4163
Toronto,CA,2025-03-06 17:00:00,-2.07,-8.97,-2.07,-1.76,overcast clouds,999,64,7.88,295,43.7001,-79.4163
Toronto,CA,2025-03-06 18:00:00,-1.85,-8.54,-1.85,-1.85,overcast clouds,1001,62,7.56,297,43.7001,-79.4163
Toronto,CA,2025-03-06 19:00:00,-1.86,-8.57,-1.86,-1.86,overcast clouds,1002,64,7.59,296,43.7001,-79.4163
Toronto,CA,2025-03-06 20:00:00,-1.76,-8.24,-1.76,-1.76,overcast clouds,1003,65,7.14,295,43.7001,-79.4163
Toronto,CA,2025-03-06 21:00:00,-1.6,-7.91,-1.6,-1.6,overcast clouds,1004,64,6.87,297,43.7001,-79.4163
Toronto,CA,2025-03-06 22:00:00,-1.69,-8.05,-1.69,-1.69,overcast clouds,1005,64,6.93,292,43.7001,-79.4163
Toronto,CA,2025-03-06 23:00:00,-1.79,-8.02,-1.79,-1.79,overcast clouds,1005,65,6.58,291,43.7001,-79.4163
Toronto,CA,2025-03-07 00:00:00,-1.97,-7.97,-1.97,-1.97,broken clouds,1005,69,6.04,289,43.7001,-79.4163
Toronto,CA,2025-03-07 01:00:00,-1.96,-7.95,-1.96,-1.96,broken clouds,1005,68,6.02,291,43.7001,-79.4163
Toronto,CA,2025-03-07 02:00:00,-1.96,-7.8,-1.96,-1.96,broken clouds,1005,69,5.75,291,43.7001,-79.4163
Toronto,CA,2025-03-07 03:00:00,-2,-7.73,-2,-2,few clouds,1006,72,5.52,273,43.7001,-79.4163
Toronto,CA,2025-03-07 04:00:00,-2.44,-8.25,-2.44,-2.44,few clouds,1005,74,5.47,275,43.7001,-79.4163
Toronto,CA,2025-03-07 05:00:00,-2.39,-8.13,-2.39,-2.39,few clouds,1006,75,5.37,271,43.7001,-79.4163
Toronto,CA,2025-03-07 06:00:00,-1.98,-7.87,-1.98,-1.98,scattered clouds,1006,76,5.82,268,43.7001,-79.4163
Toronto,CA,2025-03-07 07:00:00,-1.33,-7.29,-1.33,-1.33,scattered clouds,1006,72,6.29,273,43.7001,-79.4163
Toronto,CA,2025-03-07 08:00:00,-1.45,-6.95,-1.45,-1.45,scattered clouds,1006,70,5.37,283,43.7001,-79.4163
Toronto,CA,2025-03-07 09:00:00,-1.3,-6.8,-1.3,-1.3,few clouds,1007,66,5.45,273,43.7001,-79.4163
Toronto,CA,2025-03-07 10:00:00,-0.86,-6.45,-0.86,-0.86,clear sky,1007,61,5.83,274,43.7001,-79.4163
Toronto,CA,2025-03-07 11:00:00,-0.28,-5.77,-0.28,-0.28,clear sky,1006,59,5.92,274,43.7001,-79.4163
Toronto,CA,2025-03-07 12:00:00,0.48,-5.06,0.48,0.48,few clouds,1006,53,6.47,274,43.7001,-79.4163
Ottawa,CA,2025-03-06 13:00:00,3.43,-0.96,1.22,3.43,overcast clouds,989,85,5.7,207,45.4112,-75.6981
Ottawa,CA,2025-03-06 14:00:00,2.93,-1.68,0.95,2.93,light rain,989,88,5.88,209,45.4112,-75.6981
Ottawa,CA,2025-03-06 15:00:00,2.28,-2.47,0.56,2.28,snow,989,91,5.82,225,45.4112,-75.6981
Ottawa,CA,2025-03-06 16:00:00,1.52,-3.72,0.25,1.52,snow,989,94,6.44,236,45.4112,-75.6981
Ottawa,CA,2025-03-06 17:00:00,0.83,-4.58,0.18,0.83,light snow,990,97,6.38,251,45.4112,-75.6981
Ottawa,CA,2025-03-06 18:00:00,-2.01,-8.11,-2.01,-2.01,light snow,992,91,6.2,284,45.4112,-75.6981
Ottawa,CA,2025-03-06 19:00:00,-3.61,-10.6,-3.61,-3.61,light snow,993,91,7.1,284,45.4112,-75.6981
Ottawa,CA,2025-03-06 20:00:00,-5.31,-12.31,-5.31,-5.31,light snow,995,92,6.99,281,45.4112,-75.6981
Ottawa,CA,2025-03-06 21:00:00,-6.29,-13.29,-6.29,-6.29,light snow,996,93,7.31,282,45.4112,-75.6981
Ottawa,CA,2025-03-06 22:00:00,-7.16,-14.16,-7.16,-7.16,light snow,997,92,7.13,283,45.4112,-75.6981
Ottawa,CA,2025-03-06 23:00:00,-7.74,-14.74,-7.74,-7.74,overcast clouds,998,89,6.93,284,45.4112,-75.6981
Ottawa,CA,2025-03-07 00:00:00,-8.07,-15.07,-8.07,-8.07,overcast clouds,998,89,6.73,283,45.4112,-75.6981
Ottawa,CA,2025-03-07 01:00:00,-8.03,-15.03,-8.03,-8.03,overcast clouds,998,88,6.87,285,45.4112,-75.6981
Ottawa,CA,2025-03-07 02:00:00,-7.81,-14.81,-7.81,-7.81,overcast clouds,999,88,6.69,284,45.4112,-75.6981
Ottawa,CA,2025-03-07 03:00:00,-7.55,-14.55,-7.55,-7.55,overcast clouds,998,86,6.81,286,45.4112,-75.6981
Ottawa,CA,2025-03-07 04:00:00,-7.31,-14.31,-7.31,-7.31,overcast clouds,999,82,7.12,287,45.4112,-75.6981
Ottawa,CA,2025-03-07 05:00:00,-7.27,-14.27,-7.27,-7.27,overcast clouds,999,83,6.84,287,45.4112,-75.6981
Ottawa,CA,2025-03-07 06:00:00,-7.52,-14.52,-7.52,-7.52,overcast clouds,999,83,6.95,283,45.4112,-75.6981
Ottawa,CA,2025-03-07 07:00:00,-7.8,-14.8,-7.8,-7.8,overcast clouds,1000,83,7.03,283,45.4112,-75.6981
Ottawa,CA,2025-03-07 08:00:00,-7.96,-14.96,-7.96,-7.96,overcast clouds,1000,83,6.88,281,45.4112,-75.6981
Ottawa,CA,2025-03-07 09:00:00,-7.32,-14.32,-7.32,-7.32,overcast clouds,1001,84,7.09,277,45.4112,-75.6981
Ottawa,CA,2025-03-07 10:00:00,-6.28,-13.28,-6.28,-6.28,overcast clouds,1001,84,7.47,276,45.4112,-75.6981
Ottawa,CA,2025-03-07 11:00:00,-5.2,-12.2,-5.2,-5.2,broken clouds,1000,81,7.4,281,45.4112,-75.6981
Ottawa,CA,2025-03-07 12:00:00,-4.06,-11.06,-4.06,-4.06,broken clouds,999,78,7.98,281,45.4112,-75.6981
Montreal,CA,2025-03-06 13:00:00,4.25,0.49,3.61,4.25,broken clouds,989,80,4.82,243,45.5088,-73.5878
Montreal,CA,2025-03-06 14:00:00,4.14,-0.12,3.7,4.14,broken clouds,989,81,5.82,241,45.5088,-73.5878
Montreal,CA,2025-03-06 15:00:00,4.02,-0.33,3.67,4.02,broken clouds,989,80,5.95,241,45.5088,-73.5878
Montreal,CA,2025-03-06 16:00:00,3.47,-1.01,2.95,3.47,broken clouds,989,78,5.91,239,45.5088,-73.5878
Montreal,CA,2025-03-06 17:00:00,2.59,-2.21,2.17,2.59,overcast clouds,990,78,6.11,233,45.5088,-73.5878
Montreal,CA,2025-03-06 18:00:00,1.51,-3.77,1.51,1.51,overcast clouds,990,79,6.51,235,45.5088,-73.5878
Montreal,CA,2025-03-06 19:00:00,0.45,-5.12,0.45,0.45,overcast clouds,991,86,6.5,235,45.5088,-73.5878
Montreal,CA,2025-03-06 20:00:00,-0.33,-6.04,-0.33,-0.33,overcast clouds,991,86,6.35,237,45.5088,-73.5878
Montreal,CA,2025-03-06 21:00:00,-1.19,-7.36,-1.19,-1.19,light snow,992,89,6.82,249,45.5088,-73.5878
Montreal,CA,2025-03-06 22:00:00,-2.82,-9.47,-2.82,-2.82,light snow,993,87,6.85,259,45.5088,-73.5878
Montreal,CA,2025-03-06 23:00:00,-4.17,-11.17,-4.17,-4.17,light snow,993,86,7.27,266,45.5088,-73.5878
Montreal,CA,2025-03-07 00:00:00,-5.31,-12.31,-5.31,-5.31,light snow,994,84,7.28,268,45.5088,-73.5878
Montreal,CA,2025-03-07 01:00:00,-5.8,-12.8,-5.8,-5.8,light snow,994,82,7.2,268,45.5088,-73.5878
Montreal,CA,2025-03-07 02:00:00,-6.28,-13.28,-6.28,-6.28,light snow,995,81,7.35,270,45.5088,-73.5878
Montreal,CA,2025-03-07 03:00:00,-6.46,-13.46,-6.46,-6.46,overcast clouds,995,76,7.35,271,45.5088,-73.5878
Montreal,CA,2025-03-07 04:00:00,-6.72,-13.72,-6.72,-6.72,overcast clouds,995,72,7.19,275,45.5088,-73.5878
Montreal,CA,2025-03-07 05:00:00,-6.78,-13.78,-6.78,-6.78,overcast clouds,996,70,6.93,278,45.5088,-73.5878
Montreal,CA,2025-03-07 06:00:00,-6.77,-13.77,-6.77,-6.77,overcast clouds,996,69,6.73,279,45.5088,-73.5878
Montreal,CA,2025-03-07 07:00:00,-6.75,-13.75,-6.75,-6.75,overcast clouds,996,69,6.69,278,45.5088,-73.5878
Montreal,CA,2025-03-07 08:00:00,-6.74,-13.74,-6.74,-6.74,overcast clouds,997,71,6.61,275,45.5088,-73.5878
Montreal,CA,2025-03-07 09:00:00,-6.44,-13.44,-6.44,-6.44,overcast clouds,997,71,6.75,275,45.5088,-73.5878
Montreal,CA,2025-03-07 10:00:00,-5.94,-12.94,-5.94,-5.94,overcast clouds,997,71,7.06,272,45.5088,-73.5878
Montreal,CA,2025-03-07 11:00:00,-5.29,-12.29,-5.29,-5.29,overcast clouds,997,70,7.59,271,45.5088,-73.5878
Montreal,CA,2025-03-07 12:00:00,-4.27,-11.27,-4.27,-4.27,overcast clouds,996,67,7.59,271,45.5088,-73.5878
Québec,CA,2025-03-06 13:00:00,3.41,1.04,2.85,3.41,light rain,988,97,2.48,220,46.8123,-71.2145
Québec,CA,2025-03-06 14:00:00,3.25,-0.23,2.62,3.25,moderate rain,988,98,3.91,226,46.8123,-71.2145
Québec,CA,2025-03-06 15:00:00,2.77,-0.45,1.82,2.77,snow,988,99,3.36,234,46.8123,-71.2145
Québec,CA,2025-03-06 16:00:00,2.31,-0.88,1.57,2.31,light snow,989,99,3.19,231,46.8123,-71.2145
Québec,CA,2025-03-06 17:00:00,1.6,-1.32,1.15,1.6,snow,989,100,2.7,229,46.8123,-71.2145
Québec,CA,2025-03-06 18:00:00,1.17,-1.13,1.17,1.17,light snow,990,100,2.03,226,46.8123,-71.2145
Québec,CA,2025-03-06 19:00:00,1.22,-1.71,1.22,1.22,light snow,990,100,2.64,225,46.8123,-71.2145
Québec,CA,2025-03-06 20:00:00,1.48,-2.46,1.48,1.48,overcast clouds,990,98,3.99,242,46.8123,-71.2145
Québec,CA,2025-03-06 21:00:00,1.39,-2.52,1.39,1.39,overcast clouds,989,93,3.92,245,46.8123,-71.2145
Québec,CA,2025-03-06 22:00:00,1.17,-2.92,1.17,1.17,overcast clouds,990,92,4.11,238,46.8123,-71.2145
Québec,CA,2025-03-06 23:00:00,0.6,-3.32,0.6,0.6,overcast clouds,989,94,3.68,241,46.8123,-71.2145
Québec,CA,2025-03-07 00:00:00,0.04,-4.23,0.04,0.04,light snow,988,95,4,241,46.8123,-71.2145
Québec,CA,2025-03-07 01:00:00,-0.86,-5.5,-0.86,-0.86,light snow,988,96,4.23,243,46.8123,-71.2145
Québec,CA,2025-03-07 02:00:00,-1.61,-6.64,-1.61,-1.61,light snow,988,96,4.54,235,46.8123,-71.2145
Québec,CA,2025-03-07 03:00:00,-3.05,-8.49,-3.05,-3.05,light snow,987,95,4.63,231,46.8123,-71.2145
Québec,CA,2025-03-07 04:00:00,-4.28,-11.03,-4.28,-4.28,overcast clouds,987,94,6.26,248,46.8123,-71.2145
Québec,CA,2025-03-07 05:00:00,-5.32,-12.32,-5.32,-5.32,overcast clouds,987,92,6.6,255,46.8123,-71.2145
Québec,CA,2025-03-07 06:00:00,-6.24,-13.24,-6.24,-6.24,overcast clouds,988,88,7.14,262,46.8123,-71.2145
Québec,CA,2025-03-07 07:00:00,-7.31,-14.31,-7.31,-7.31,overcast clouds,989,87,7.02,266,46.8123,-71.2145
Québec,CA,2025-03-07 08:00:00,-7.89,-14.89,-7.89,-7.89,overcast clouds,989,86,7,267,46.8123,-71.2145
Québec,CA,2025-03-07 09:00:00,-7.85,-14.85,-7.85,-7.85,overcast clouds,990,84,7.06,270,46.8123,-71.2145
Québec,CA,2025-03-07 10:00:00,-7.35,-14.35,-7.35,-7.35,overcast clouds,989,84,7.28,271,46.8123,-71.2145
Québec,CA,2025-03-07 11:00:00,-6.73,-13.73,-6.73,-6.73,overcast clouds,989,84,7.27,268,46.8123,-71.2145
Québec,CA,2025-03-07 12:00:00,-5.92,-12.92,-5.92,-5.92,overcast clouds,988,82,7.59,268,46.8123,-71.2145
Fredericton,CA,2025-03-06 13:00:00,8.86,5.68,8.86,9.79,moderate rain,992,93,6.33,182,45.9454,-66.6656
Fredericton,CA,2025-03-06 14:00:00,8.92,5.68,8.92,9.16,light rain,992,94,6.58,185,45.9454,-66.6656
Fredericton,CA,2025-03-06 15:00:00,8.57,5.83,8.13,8.57,overcast clouds,992,95,4.92,180,45.9454,-66.6656
Fredericton,CA,2025-03-06 16:00:00,8.34,5.87,8,8.34,overcast clouds,991,96,4.2,174,45.9454,-66.6656
Fredericton,CA,2025-03-06 17:00:00,7.93,5.39,7.7,7.93,overcast clouds,990,97,4.14,177,45.9454,-66.6656
Fredericton,CA,2025-03-06 18:00:00,6.77,4.75,6.77,6.77,overcast clouds,990,99,2.83,173,45.9454,-66.6656
Fredericton,CA,2025-03-06 19:00:00,5.64,4.13,5.64,5.64,overcast clouds,990,100,1.98,141,45.9454,-66.6656
Fredericton,CA,2025-03-06 20:00:00,4.52,3.05,4.52,4.52,overcast clouds,989,100,1.78,119,45.9454,-66.6656
Fredericton,CA,2025-03-06 21:00:00,4.07,3.03,4.07,4.07,overcast clouds,989,100,1.4,119,45.9454,-66.6656
Fredericton,CA,2025-03-06 22:00:00,3.27,3.27,3.27,3.27,light rain,988,100,1.19,52,45.9454,-66.6656
Fredericton,CA,2025-03-06 23:00:00,3.06,1.87,3.06,3.06,light rain,986,100,1.41,40,45.9454,-66.6656
Fredericton,CA,2025-03-07 00:00:00,3.1,1.96,3.1,3.1,moderate rain,984,100,1.38,24,45.9454,-66.6656
Fredericton,CA,2025-03-07 01:00:00,3.27,1.76,3.27,3.27,heavy intensity rain,983,99,1.66,309,45.9454,-66.6656
Fredericton,CA,2025-03-07 02:00:00,3.16,1.3,3.16,3.16,moderate rain,981,99,1.93,346,45.9454,-66.6656
Fredericton,CA,2025-03-07 03:00:00,3.45,1.05,3.45,3.45,moderate rain,979,99,2.52,348,45.9454,-66.6656
Fredericton,CA,2025-03-07 04:00:00,3.22,1.42,3.22,3.22,light rain,978,99,1.89,317,45.9454,-66.6656
Fredericton,CA,2025-03-07 05:00:00,3.43,-0.08,3.43,3.43,moderate rain,977,98,4.02,303,45.9454,-66.6656
Fredericton,CA,2025-03-07 06:00:00,2.64,-1.79,2.64,2.64,light rain,976,93,5.35,306,45.9454,-66.6656
Fredericton,CA,2025-03-07 07:00:00,1.76,-3.42,1.76,1.76,light rain,976,90,6.46,305,45.9454,-66.6656
Fredericton,CA,2025-03-07 08:00:00,0.73,-5.05,0.73,0.73,light snow,975,91,7.17,303,45.9454,-66.6656
Fredericton,CA,2025-03-07 09:00:00,-0.15,-6.18,-0.15,-0.15,snow,974,92,7.17,299,45.9454,-66.6656
Fredericton,CA,2025-03-07 10:00:00,-1.43,-7.73,-1.43,-1.43,snow,975,93,6.96,293,45.9454,-66.6656
Fredericton,CA,2025-03-07 11:00:00,-2.26,-9.26,-2.26,-2.26,snow,975,91,8.46,291,45.9454,-66.6656
Fredericton,CA,2025-03-07 12:00:00,-2.17,-9.17,-2.17,-2.17,snow,975,88,8.14,285,45.9454,-66.6656
Saint John,CA,2025-03-06 13:00:00,8.57,4.72,8.57,9.58,heavy intensity rain,993,100,8.36,174,45.2727,-66.0677
Saint John,CA,2025-03-06 14:00:00,8.69,4.7,8.69,9.18,moderate rain,993,99,9.05,186,45.2727,-66.0677
Saint John,CA,2025-03-06 15:00:00,8.75,5.39,8.75,9.01,moderate rain,993,99,6.81,188,45.2727,-66.0677
Saint John,CA,2025-03-06 16:00:00,8.16,4.77,7.89,8.16,moderate rain,992,98,6.4,194,45.2727,-66.0677
Saint John,CA,2025-03-06 17:00:00,7.43,4.37,7.15,7.43,overcast clouds,991,98,5.02,197,45.2727,-66.0677
Saint John,CA,2025-03-06 18:00:00,6.99,3.79,6.99,6.99,overcast clouds,992,98,5.07,202,45.2727,-66.0677
Saint John,CA,2025-03-06 19:00:00,6.83,4.13,6.83,6.83,overcast clouds,991,98,3.95,194,45.2727,-66.0677
Saint John,CA,2025-03-06 20:00:00,6.52,4.2,6.52,6.52,overcast clouds,991,99,3.2,192,45.2727,-66.0677
Saint John,CA,2025-03-06 21:00:00,4.83,4.83,4.83,4.83,light rain,989,100,0.44,120,45.2727,-66.0677
Saint John,CA,2025-03-06 22:00:00,4.5,3.27,4.5,4.5,moderate rain,987,100,1.58,44,45.2727,-66.0677
Saint John,CA,2025-03-06 23:00:00,5.49,3.18,5.49,5.49,moderate rain,985,99,2.88,54,45.2727,-66.0677
Saint John,CA,2025-03-07 00:00:00,6.44,4.56,6.44,6.44,moderate rain,983,99,2.56,119,45.2727,-66.0677
Saint John,CA,2025-03-07 01:00:00,6.78,5.11,6.78,6.78,moderate rain,982,99,2.37,130,45.2727,-66.0677
Saint John,CA,2025-03-07 02:00:00,5.58,5.58,5.58,5.58,moderate rain,980,100,0.55,104,45.2727,-66.0677
Saint John,CA,2025-03-07 03:00:00,5.31,5.31,5.31,5.31,moderate rain,979,100,1.12,71,45.2727,-66.0677
Saint John,CA,2025-03-07 04:00:00,4.86,4.86,4.86,4.86,light rain,977,100,0.98,33,45.2727,-66.0677
Saint John,CA,2025-03-07 05:00:00,4.26,4.26,4.26,4.26,light rain,976,100,0.32,281,45.2727,-66.0677
Saint John,CA,2025-03-07 06:00:00,4.09,2.03,4.09,4.09,light rain,975,100,2.27,311,45.2727,-66.0677
Saint John,CA,2025-03-07 07:00:00,3.65,-0.51,3.65,3.65,light rain,974,95,5.32,327,45.2727,-66.0677
Saint John,CA,2025-03-07 08:00:00,2.2,-2.4,2.2,2.2,light rain,975,91,5.46,308,45.2727,-66.0677
Saint John,CA,2025-03-07 09:00:00,0.69,-4.95,0.69,0.69,moderate rain,974,93,6.82,317,45.2727,-66.0677
Saint John,CA,2025-03-07 10:00:00,-0.07,-6.12,-0.07,-0.07,snow,974,90,7.27,295,45.2727,-66.0677
Saint John,CA,2025-03-07 11:00:00,-1.1,-7.25,-1.1,-1.1,light snow,975,92,6.83,289,45.2727,-66.0677
Saint John,CA,2025-03-07 12:00:00,-0.75,-6.85,-0.75,-0.75,snow,977,90,6.93,278,45.2727,-66.0677
Halifax,CA,2025-03-06 13:00:00,7.34,2.77,7.34,9.07,overcast clouds,1001,93,9.68,172,44.6453,-63.5724
Halifax,CA,2025-03-06 14:00:00,7.7,3.16,7.7,9.14,overcast clouds,1001,94,10.03,170,44.6453,-63.5724
Halifax,CA,2025-03-06 15:00:00,7.94,3.48,7.94,8.85,light rain,1000,95,10.03,167,44.6453,-63.5724
Halifax,CA,2025-03-06 16:00:00,8.05,3.58,8.05,8.52,light rain,999,96,10.2,167,44.6453,-63.5724
Halifax,CA,2025-03-06 17:00:00,8.43,4.17,8.43,8.7,moderate rain,998,97,9.84,169,44.6453,-63.5724
Halifax,CA,2025-03-06 18:00:00,8.81,4.56,8.81,8.81,light rain,996,97,10.32,168,44.6453,-63.5724
Halifax,CA,2025-03-06 19:00:00,8.79,4.71,8.79,8.79,light rain,996,98,9.55,168,44.6453,-63.5724
Halifax,CA,2025-03-06 20:00:00,8.5,4.55,8.5,8.5,moderate rain,995,98,8.66,169,44.6453,-63.5724
Halifax,CA,2025-03-06 21:00:00,8.87,4.84,8.87,8.87,moderate rain,993,98,9.45,159,44.6453,-63.5724
Halifax,CA,2025-03-06 22:00:00,8.65,4.58,8.65,8.65,light rain,992,98,9.33,152,44.6453,-63.5724
Halifax,CA,2025-03-06 23:00:00,8.31,4.01,8.31,8.31,moderate rain,989,98,9.83,151,44.6453,-63.5724
Halifax,CA,2025-03-07 00:00:00,8.87,4.96,8.87,8.87,heavy intensity rain,988,98,8.95,152,44.6453,-63.5724
Halifax,CA,2025-03-07 01:00:00,8.66,4.69,8.66,8.66,heavy intensity rain,986,98,8.91,161,44.6453,-63.5724
Halifax,CA,2025-03-07 02:00:00,7.97,4.36,7.97,7.97,heavy intensity rain,983,98,6.91,159,44.6453,-63.5724
Halifax,CA,2025-03-07 03:00:00,8.26,4.31,8.26,8.26,heavy intensity rain,982,98,8.36,163,44.6453,-63.5724
Halifax,CA,2025-03-07 04:00:00,6.77,3.17,6.77,6.77,light rain,980,98,5.92,159,44.6453,-63.5724
Halifax,CA,2025-03-07 05:00:00,5.74,2.4,5.74,5.74,light rain,979,98,4.7,158,44.6453,-63.5724
Halifax,CA,2025-03-07 06:00:00,6.03,2.74,6.03,6.03,light rain,977,99,4.75,147,44.6453,-63.5724
Halifax,CA,2025-03-07 07:00:00,5.66,1.84,5.66,5.66,light rain,976,98,5.73,148,44.6453,-63.5724
Halifax,CA,2025-03-07 08:00:00,6.19,2.91,6.19,6.19,overcast clouds,975,99,4.82,148,44.6453,-63.5724
Halifax,CA,2025-03-07 09:00:00,5.57,1.52,5.57,5.57,overcast clouds,974,98,6.25,179,44.6453,-63.5724
Halifax,CA,2025-03-07 10:00:00,3.15,-2.52,3.15,3.15,light rain,974,96,8.87,203,44.6453,-63.5724
Halifax,CA,2025-03-07 11:00:00,4.36,-1.32,4.36,4.36,overcast clouds,974,93,10.24,216,44.6453,-63.5724
Halifax,CA,2025-03-07 12:00:00,2.24,-3.81,2.24,2.24,light rain,976,96,9.18,241,44.6453,-63.5724
Dartmouth,CA,2025-03-06 13:00:00,7.15,2.57,7.15,9.23,overcast clouds,1001,92,9.48,173,44.6713,-63.5772
Dartmouth,CA,2025-03-06 14:00:00,7.57,3.05,7.57,9.27,light rain,1001,93,9.78,171,44.6713,-63.5772
Dartmouth,CA,2025-03-06 15:00:00,7.86,3.44,7.86,8.93,light rain,1000,94,9.73,168,44.6713,-63.5772
Dartmouth,CA,2025-03-06 16:00:00,8,3.59,8,8.57,light rain,999,95,9.89,168,44.6713,-63.5772
Dartmouth,CA,2025-03-06 17:00:00,8.47,4.3,8.47,8.8,moderate rain,998,96,9.52,170,44.6713,-63.5772
Dartmouth,CA,2025-03-06 18:00:00,8.9,4.76,8.9,8.9,light rain,996,97,9.99,168,44.6713,-63.5772
Dartmouth,CA,2025-03-06 19:00:00,8.86,4.87,8.86,8.86,light rain,996,97,9.25,169,44.6713,-63.5772
Dartmouth,CA,2025-03-06 20:00:00,8.58,4.74,8.58,8.58,moderate rain,995,98,8.33,170,44.6713,-63.5772
Dartmouth,CA,2025-03-06 21:00:00,8.96,5.03,8.96,8.96,moderate rain,993,97,9.15,160,44.6713,-63.5772
Dartmouth,CA,2025-03-06 22:00:00,8.71,4.74,8.71,8.71,light rain,992,98,8.97,154,44.6713,-63.5772
Dartmouth,CA,2025-03-06 23:00:00,8.27,4.06,8.27,8.27,moderate rain,989,98,9.4,151,44.6713,-63.5772
Dartmouth,CA,2025-03-07 00:00:00,8.99,5.14,8.99,8.99,heavy intensity rain,988,98,8.84,154,44.6713,-63.5772
Dartmouth,CA,2025-03-07 01:00:00,8.64,4.76,8.64,8.64,heavy intensity rain,986,98,8.54,161,44.6713,-63.5772
Dartmouth,CA,2025-03-07 02:00:00,7.99,4.47,7.99,7.99,heavy intensity rain,983,98,6.64,159,44.6713,-63.5772
Dartmouth,CA,2025-03-07 03:00:00,8.27,4.39,8.27,8.27,heavy intensity rain,982,98,8.12,162,44.6713,-63.5772
Dartmouth,CA,2025-03-07 04:00:00,6.8,3.25,6.8,6.8,light rain,980,98,5.81,159,44.6713,-63.5772
Dartmouth,CA,2025-03-07 05:00:00,5.73,2.47,5.73,5.73,light rain,979,98,4.55,158,44.6713,-63.5772
Dartmouth,CA,2025-03-07 06:00:00,5.99,2.86,5.99,5.99,light rain,977,99,4.4,147,44.6713,-63.5772
Dartmouth,CA,2025-03-07 07:00:00,5.61,1.91,5.61,5.61,light rain,976,98,5.42,149,44.6713,-63.5772
Dartmouth,CA,2025-03-07 08:00:00,6.16,2.99,6.16,6.16,overcast clouds,974,99,4.56,148,44.6713,-63.5772
Dartmouth,CA,2025-03-07 09:00:00,5.62,1.69,5.62,5.62,overcast clouds,974,97,5.97,176,44.6713,-63.5772
Dartmouth,CA,2025-03-07 10:00:00,2.97,-2.53,2.97,2.97,light rain,974,96,8.18,201,44.6713,-63.5772
Dartmouth,CA,2025-03-07 11:00:00,4.15,-1.41,4.15,4.15,overcast clouds,974,94,9.55,214,44.6713,-63.5772
Dartmouth,CA,2025-03-07 12:00:00,2.03,-3.93,2.03,2.03,light rain,976,96,8.7,240,44.6713,-63.5772
Charlottetown,CA,2025-03-06 13:00:00,8.14,3.77,8.1,8.14,light rain,1000,93,9.91,169,46.2352,-63.1267
Charlottetown,CA,2025-03-06 14:00:00,8.13,3.86,8.07,8.13,light rain,1000,93,9.48,169,46.2352,-63.1267
Charlottetown,CA,2025-03-06 15:00:00,8.06,3.85,7.95,8.06,light rain,999,94,9.14,169,46.2352,-63.1267
Charlottetown,CA,2025-03-06 16:00:00,8.32,4.06,8.32,8.44,light rain,998,95,9.69,167,46.2352,-63.1267
Charlottetown,CA,2025-03-06 17:00:00,8.5,4.26,8.5,8.59,moderate rain,996,97,9.85,168,46.2352,-63.1267
Charlottetown,CA,2025-03-06 18:00:00,8.44,4.33,8.44,8.44,moderate rain,995,96,9.2,173,46.2352,-63.1267
Charlottetown,CA,2025-03-06 19:00:00,8.37,4.29,8.37,8.37,moderate rain,995,96,9.02,173,46.2352,-63.1267
Charlottetown,CA,2025-03-06 20:00:00,8.04,4.1,8.04,8.04,moderate rain,994,98,8.07,173,46.2352,-63.1267
Charlottetown,CA,2025-03-06 21:00:00,8.23,4.31,8.23,8.23,light rain,993,97,8.23,172,46.2352,-63.1267
Charlottetown,CA,2025-03-06 22:00:00,8.14,4.36,8.14,8.14,light rain,992,98,7.62,165,46.2352,-63.1267
Charlottetown,CA,2025-03-06 23:00:00,7.82,4.41,7.82,7.82,moderate rain,991,99,6.18,157,46.2352,-63.1267
Charlottetown,CA,2025-03-07 00:00:00,8.32,4.7,8.32,8.32,moderate rain,989,98,7.28,155,46.2352,-63.1267
Charlottetown,CA,2025-03-07 01:00:00,8.77,4.9,8.77,8.77,moderate rain,987,98,8.66,153,46.2352,-63.1267
Charlottetown,CA,2025-03-07 02:00:00,8.85,5.14,8.85,8.85,moderate rain,985,98,8.15,148,46.2352,-63.1267
Charlottetown,CA,2025-03-07 03:00:00,9.08,5.54,9.08,9.08,moderate rain,983,98,7.76,155,46.2352,-63.1267
Charlottetown,CA,2025-03-07 04:00:00,8.79,5.37,8.79,8.79,moderate rain,981,98,7.04,145,46.2352,-63.1267
Charlottetown,CA,2025-03-07 05:00:00,9.64,6.05,9.64,9.64,moderate rain,979,97,8.63,151,46.2352,-63.1267
Charlottetown,CA,2025-03-07 06:00:00,8.68,4.92,8.68,8.68,light rain,978,96,8.12,152,46.2352,-63.1267
Charlottetown,CA,2025-03-07 07:00:00,7.57,3.7,7.57,7.57,light rain,975,98,7.37,145,46.2352,-63.1267
Charlottetown,CA,2025-03-07 08:00:00,7.26,3.25,7.26,7.26,overcast clouds,975,98,7.52,149,46.2352,-63.1267
Charlottetown,CA,2025-03-07 09:00:00,7.25,3.15,7.25,7.25,overcast clouds,973,98,7.81,149,46.2352,-63.1267
Charlottetown,CA,2025-03-07 10:00:00,7.25,3.55,7.25,7.25,overcast clouds,972,98,6.56,149,46.2352,-63.1267
Charlottetown,CA,2025-03-07 11:00:00,7.33,3.46,7.33,7.33,overcast clouds,970,97,7.14,151,46.2352,-63.1267
Charlottetown,CA,2025-03-07 12:00:00,6.42,2.05,6.42,6.42,light rain,969,96,7.9,160,46.2352,-63.1267
St. John's,CA,2025-03-06 13:00:00,-0.77,-6.13,-0.81,-0.77,light snow,1020,86,5.43,154,47.5649,-52.7093
St. John's,CA,2025-03-06 14:00:00,-0.71,-6.4,-0.71,-0.45,light snow,1020,88,6.1,161,47.5649,-52.7093
St. John's,CA,2025-03-06 15:00:00,-0.49,-6.44,-0.49,-0.07,overcast clouds,1020,90,6.77,164,47.5649,-52.7093
St. John's,CA,2025-03-06 16:00:00,-0.21,-6.19,-0.21,0.16,overcast clouds,1019,91,7.02,163,47.5649,-52.7093
St. John's,CA,2025-03-06 17:00:00,-0.07,-6.02,-0.07,0.1,overcast clouds,1018,94,7.03,161,47.5649,-52.7093
St. John's,CA,2025-03-06 18:00:00,0.35,-5.57,0.35,0.35,light rain,1017,97,7.24,162,47.5649,-52.7093
St. John's,CA,2025-03-06 19:00:00,0.73,-4.84,0.73,0.73,light rain,1016,97,6.68,163,47.5649,-52.7093
St. John's,CA,2025-03-06 20:00:00,0.92,-4.08,0.92,0.92,overcast clouds,1015,98,5.59,165,47.5649,-52.7093
St. John's,CA,2025-03-06 21:00:00,1.75,-2.88,1.75,1.75,overcast clouds,1015,98,5.29,174,47.5649,-52.7093
St. John's,CA,2025-03-06 22:00:00,3.28,-1.25,3.28,3.28,overcast clouds,1014,96,5.92,185,47.5649,-52.7093
St. John's,CA,2025-03-06 23:00:00,4.17,-0.42,4.17,4.17,overcast clouds,1013,93,6.65,192,47.5649,-52.7093
St. John's,CA,2025-03-07 00:00:00,3.93,-0.57,3.93,3.93,overcast clouds,1012,95,6.26,188,47.5649,-52.7093
St. John's,CA,2025-03-07 01:00:00,3.77,-0.65,3.77,3.77,overcast clouds,1011,97,5.96,182,47.5649,-52.7093
St. John's,CA,2025-03-07 02:00:00,4.37,-0.11,4.37,4.37,overcast clouds,1010,97,6.51,182,47.5649,-52.7093
St. John's,CA,2025-03-07 03:00:00,5.08,0.63,5.08,5.08,overcast clouds,1009,94,6.95,185,47.5649,-52.7093
St. John's,CA,2025-03-07 04:00:00,5.28,0.97,5.28,5.28,overcast clouds,1009,92,6.74,183,47.5649,-52.7093
St. John's,CA,2025-03-07 05:00:00,4.86,0.35,4.86,4.86,overcast clouds,1008,93,6.95,177,47.5649,-52.7093
St. John's,CA,2025-03-07 06:00:00,4.33,-0.35,4.33,4.33,overcast clouds,1007,95,7.01,173,47.5649,-52.7093
St. John's,CA,2025-03-07 07:00:00,4.19,-0.57,4.19,4.19,overcast clouds,1006,97,7.1,170,47.5649,-52.7093
St. John's,CA,2025-03-07 08:00:00,4.52,-0.43,4.52,4.52,overcast clouds,1006,97,7.94,170,47.5649,-52.7093
St. John's,CA,2025-03-07 09:00:00,4.28,-0.83,4.28,4.28,overcast clouds,1004,97,8.21,165,47.5649,-52.7093
St. John's,CA,2025-03-07 10:00:00,4.23,-0.98,4.23,4.23,light rain,1003,98,8.46,162,47.5649,-52.7093
St. John's,CA,2025-03-07 11:00:00,4.17,-1.34,4.17,4.17,light rain,1001,98,9.4,160,47.5649,-52.7093
St. John's,CA,2025-03-07 12:00:00,4.24,-1.36,4.24,4.24,light rain,999,98,9.8,157,47.5649,-52.7093
